valid_time,sp,windspeed,t2m_f
2019-01-01,100843.19,3.988464419616885,41.13815000000001
2019-01-02,100699.44,4.170898502815071,41.62560800000008
2019-01-03,101204.25,2.7037677541091965,33.801368000000025
2019-01-04,100453.375,1.9396682025530887,36.353048000000015
2019-01-05,99954.06,2.0539945012171503,41.476190000000074
2019-01-06,99122.56,3.994861773662154,42.90440000000009
2019-01-07,100896.0,6.034359186117317,36.433796000000065
2019-01-08,101648.06,1.5233251298301094,28.98055400000005
2019-01-09,99557.06,0.591260999346947,39.14708000000009
2019-01-10,99168.0,5.27002334972375,36.876020000000054
2019-01-11,100044.19,5.852073105335104,29.679620000000067
2019-01-12,101535.5,4.765727039512729,24.215792000000068
2019-01-13,102086.56,1.3483625434037303,29.04386000000004
2019-01-14,101458.56,3.360147928707528,27.31229600000007
2019-01-15,100896.75,1.5088807317663282,27.74811200000007
2019-01-16,100829.875,1.016569946774929,29.56613000000001
2019-01-17,100753.94,3.1738485951908055,34.857806000000004
2019-01-18,101428.19,1.8539495208655952,27.483350000000087
2019-01-19,100729.44,2.0486256095783957,34.047680000000035
2019-01-20,100632.75,3.732968887272972,32.892800000000065
2019-01-21,99094.375,7.180536379521443,16.136420000000065
2019-01-22,101154.25,7.633495237373325,9.645944000000078
2019-01-23,102432.0,1.3543944773241288,22.359110000000033
2019-01-24,100532.125,3.156912038759608,38.209514000000084
2019-01-25,98861.44,5.35321515341196,38.76080000000005
2019-01-26,100707.19,3.288364739984549,31.61498000000006
2019-01-27,101176.5,1.767313157397669,30.77891599999999
2019-01-28,100201.69,2.7029331906422622,39.662906000000056
2019-01-29,100572.44,1.1867477991420183,25.784852000000022
2019-01-30,99736.56,2.134067403885562,37.312376000000015
2019-01-31,100618.375,7.816092488556686,10.226894000000051
2019-02-01,101628.25,3.5467542031792902,12.89746400000007
2019-02-02,101591.0,1.9480172295911495,18.20539400000006
2019-02-03,100658.94,4.629296750750728,30.007760000000065
2019-02-04,100731.875,2.6965233459637115,38.92172000000007
2019-02-05,100395.0,2.42323088628577,43.52689400000005
2019-02-06,100438.75,3.048253249982547,49.25408
2019-02-07,100839.625,3.389942004914261,38.36375600000008
2019-02-08,100712.19,1.557176014069778,40.26074000000007
2019-02-09,100669.81,5.696765605670307,39.429860000000005
2019-02-10,102654.94,3.1619113413753226,27.774914000000035
2019-02-11,101861.19,1.8674143188747725,31.798669999999994
2019-02-12,101509.81,1.7575834210142771,32.214614000000026
2019-02-13,100264.69,4.682694833402127,29.56877600000008
2019-02-14,99645.19,4.828955255511014,33.98360000000006
2019-02-15,100549.125,2.4704130411167524,37.90148000000007
2019-02-16,99190.69,2.958081578608,50.10242000000007
2019-02-17,100183.375,3.485634647319666,34.88450000000004
2019-02-18,100547.125,2.686358710578563,32.79518600000004
2019-02-19,100916.875,5.768200387261178,29.929784000000076
2019-02-20,102345.375,2.0219469782106647,30.484364000000017
2019-02-21,101475.25,2.723407504557078,27.722624000000064
2019-02-22,100549.69,2.8758747617448246,42.599264000000026
2019-02-23,101833.56,2.0728021653490476,38.181614000000025
2019-02-24,101470.375,1.6501819932110036,36.221108000000086
2019-02-25,98364.19,5.880586480509356,44.37625999999999
2019-02-26,100650.94,7.307249256941783,32.60539400000006
2019-02-27,101733.06,4.44923340403569,28.09792400000009
2019-02-28,100883.875,3.233905930048677,25.511180000000024
2019-03-01,101257.69,1.78331032216903,28.77161000000003
2019-03-02,101301.25,1.5149445173276204,32.63208800000009
2019-03-03,100522.5,2.073095916228639,37.488596000000086
2019-03-04,100242.0,2.1624089620575755,33.500606000000076
2019-03-05,100076.56,2.8310904024591657,29.681924000000084
2019-03-06,100216.625,3.3093973523075224,26.512592000000087
2019-03-07,101015.69,2.4468669791065256,22.15057999999999
2019-03-08,101423.625,2.462538213612328,26.39636600000008
2019-03-09,101231.81,2.035056833168393,33.549548
2019-03-10,101466.56,2.173360401487103,38.383592000000036
2019-03-11,100190.94,1.171660008139187,38.09591600000009
2019-03-12,100421.125,2.922155809930841,45.30272
2019-03-13,101319.75,3.2693186670232595,37.008716000000014
2019-03-14,101430.125,2.776012152524877,39.69761000000002
2019-03-15,100632.06,3.923628300779273,46.80410000000006
2019-03-16,99198.31,3.6535538872377344,61.19929400000002
2019-03-17,100655.06,4.157673846518412,40.34426000000008
2019-03-18,101004.25,3.010062694960231,37.892894000000055
2019-03-19,101407.75,1.4428554472111343,38.14865600000005
2019-03-20,101697.25,0.9054144393505338,39.534026000000075
2019-03-21,101390.19,3.770831482148415,43.51168400000008
2019-03-22,99719.94,4.928603128529092,42.552410000000044
2019-03-23,98584.0,5.753620047464518,42.33038000000001
2019-03-24,100603.94,5.503164057846319,41.602100000000085
2019-03-25,100535.69,3.181437397403081,53.07620000000001
2019-03-26,100628.375,1.4898339387467914,45.31694000000001
2019-03-27,101439.94,2.7458785881521446,41.11804400000002
2019-03-28,102059.125,3.52874613503466,38.54004800000007
2019-03-29,101213.125,3.3194522751238975,46.05881000000001
2019-03-30,100760.5,2.6416369717068786,53.105666
2019-03-31,100068.56,5.36443013036981,58.12442600000003
2019-04-01,99887.19,5.218475540772818,43.34837000000007
2019-04-02,101455.0,2.0469535362808924,40.47008000000001
2019-04-03,101134.44,2.6333292163039927,43.81435400000002
2019-04-04,100550.56,4.8714230476704135,57.82868600000008
2019-04-05,101710.625,3.2002268784296932,49.87655600000001
2019-04-06,101527.5,2.5230836629152926,36.79887200000002
2019-04-07,101034.44,2.483770241181257,58.11213200000007
2019-04-08,100857.19,3.1004634805110687,55.567256000000086
2019-04-09,99489.125,0.4974528127344165,62.07800000000007
2019-04-10,99162.875,1.542255200051069,45.66462800000007
2019-04-11,100329.81,3.4788434911483153,48.513920000000084
2019-04-12,101324.56,2.188351871945456,45.86324000000009
2019-04-13,100859.0,5.553464672663502,59.43578000000009
2019-04-14,100430.625,2.9813904817519896,64.997474
2019-04-15,99296.44,2.940009959351308,61.027879999999996
2019-04-16,99398.69,7.963822737926903,46.36621400000007
2019-04-17,100382.81,2.812642862608931,56.69312000000006
2019-04-18,100990.94,3.632770036179548,51.913220000000024
2019-04-19,100037.94,2.549698154399587,56.704784000000075
2019-04-20,99611.44,6.299311643055452,65.7329
2019-04-21,99878.19,5.150015118305269,58.735706000000064
2019-04-22,100675.0,1.5825464820567718,57.64917200000004
2019-04-23,100461.75,2.4847785489824386,58.27341199999999
2019-04-24,99819.81,3.269087941668899,63.38426
2019-04-25,99874.81,2.3725172002194888,62.08829600000006
2019-04-26,100196.56,2.462527497550064,56.50856600000005
2019-04-27,98366.56,4.1552115449070754,58.80349400000009
2019-04-28,99708.94,3.801355171059269,50.99673200000001
2019-04-29,100917.625,2.967058739276356,47.532074000000044
2019-04-30,101392.56,3.688723988599311,50.963900000000024
2019-05-01,101578.31,2.2302984955648335,55.41411200000008
2019-05-02,101335.25,2.5958094647655963,49.95703400000002
2019-05-03,100992.125,2.9728440960377487,57.688520000000054
2019-05-04,100427.44,0.5118338094229918,54.63770000000002
2019-05-05,99833.375,1.6963182520184883,62.65805000000006
2019-05-06,99943.0,3.287037768297421,52.833380000000076
2019-05-07,100661.19,2.7770534053454496,60.773000000000025
2019-05-08,100807.625,1.4737365311464086,63.14738000000001
2019-05-09,101141.0,2.0374639834078283,60.21667400000009
2019-05-10,101283.375,3.5368487748705526,53.83580000000005
2019-05-11,100188.69,3.674946512296136,69.74247200000005
2019-05-12,100360.19,1.0058981197625534,64.37678
2019-05-13,100114.56,4.52573000268528,43.90109600000009
2019-05-14,99900.75,3.2985820494158333,46.72896800000005
2019-05-15,99839.31,0.9890772510601182,48.321140000000085
2019-05-16,99826.375,1.105193607032184,61.71630800000006
2019-05-17,99939.625,0.6161723196222556,65.652494
2019-05-18,99611.375,2.352395491598545,69.40346000000008
2019-05-19,100468.94,2.9066789033040665,66.96050000000002
2019-05-20,100140.625,3.841866834138587,72.793814
2019-05-21,99496.31,2.7456505293679694,76.70494400000007
2019-05-22,100500.5,3.798433672404988,64.69250000000004
2019-05-23,101106.06,1.6446793701772993,66.28991000000005
2019-05-24,100048.875,3.909928209795066,68.509814
2019-05-25,100677.25,3.067862255962954,67.92710000000008
2019-05-26,100767.06,4.2282386764390605,62.98435400000009
2019-05-27,99987.25,2.3931094327047644,72.99698000000008
2019-05-28,100104.125,1.318214433364027,73.64591600000008
2019-05-29,99382.31,1.2169326314679394,65.98229
2019-05-30,99547.0,2.8044045940212285,57.016904
2019-05-31,99475.25,2.540253214972153,61.800674000000086
2019-06-01,99688.06,1.9072569109389776,73.12055000000007
2019-06-02,99721.81,2.7684107546116383,70.80422000000003
2019-06-03,99389.19,2.576315169768996,71.21642
2019-06-04,100387.81,3.2438672201827696,64.79159000000003
2019-06-05,100486.94,2.7775272615274273,67.47062000000008
2019-06-06,99604.75,3.2582800578649835,74.2262
2019-06-07,99821.81,1.5886580282778575,76.34350400000004
2019-06-08,100291.94,1.6453912407006768,73.34819600000003
2019-06-09,101110.44,2.8689620237274736,71.72441599999999
2019-06-10,101354.75,2.768332484310322,68.96651000000008
2019-06-11,100175.69,2.737002537941194,67.10158399999999
2019-06-12,100501.94,3.414311249343416,71.26232000000005
2019-06-13,100879.56,3.2107675908505007,65.80662800000007
2019-06-14,99634.0,0.768916112105057,63.512132000000065
2019-06-15,100370.19,2.8201748956374053,70.30585400000008
2019-06-16,100377.125,3.67405835873383,73.67689400000005
2019-06-17,99818.5,2.7424018510693613,72.21484400000004
2019-06-18,100376.375,1.1362210592602784,72.53981600000006
2019-06-19,100008.0,2.0402963534784693,67.055666
2019-06-20,99751.06,2.828598208413125,67.86600800000004
2019-06-21,98691.19,1.642465640426066,73.38104600000007
2019-06-22,99617.5,3.799580462997236,72.66241400000004
2019-06-23,100196.19,3.0306951180322215,73.85630000000006
2019-06-24,100018.06,2.5227535963057437,78.9334160000001
2019-06-25,99904.31,1.8822310737278487,77.59328000000005
2019-06-26,99955.69,2.2860883866526773,80.15225000000005
2019-06-27,100490.69,1.8227832559644608,80.96828000000005
2019-06-28,100809.06,0.4707554727842373,83.68939400000005
2019-06-29,100844.19,2.4480341348227848,81.61232000000004
2019-06-30,100075.125,3.732257259868174,76.50428000000002
2019-07-01,99837.56,3.4243370603228955,74.67479600000007
2019-07-02,100042.625,1.98537426159917,79.70554400000002
2019-07-03,99659.69,1.1239606156231063,79.98645200000007
2019-07-04,100044.0,1.247067658061387,81.78458000000009
2019-07-05,100755.06,2.6056617768142223,79.75036400000002
2019-07-06,100708.19,2.5280034571313577,79.16720000000001
2019-07-07,99971.75,1.541954329063543,76.352396
2019-07-08,100207.5,2.18821541495013,77.829404
2019-07-09,100385.625,2.054952729350787,74.90143400000002
2019-07-10,100525.19,1.06298782674963,81.42137600000001
2019-07-11,100343.125,2.029677712758015,83.83067600000003
2019-07-12,99865.06,3.5104593582516816,74.78015
2019-07-13,99789.19,2.976564448526512,79.37232800000005
2019-07-14,100109.0,2.2406909631729697,82.0364
2019-07-15,100298.31,3.394593406971424,81.71373200000001
2019-07-16,100523.31,1.8061379351595768,79.84724000000008
2019-07-17,100459.56,2.51635242018147,84.48393200000008
2019-07-18,100041.44,1.4740581801568755,80.349548
2019-07-19,100086.5,3.063543844333696,74.62832000000006
2019-07-20,99920.56,2.1996190011778136,87.58097600000005
2019-07-21,99907.69,4.148648889281063,89.29328000000005
2019-07-22,99792.56,1.7983362576111384,87.058904
2019-07-23,99672.625,1.9574957006367395,72.91706000000008
2019-07-24,100147.0,1.087223503126855,70.17670400000006
2019-07-25,100374.0,0.6307628387191262,78.28566800000004
2019-07-26,100951.75,0.5578472436819264,77.10913400000001
2019-07-27,101278.94,1.9189289278455517,80.17487600000001
2019-07-28,101019.44,3.1720550141718933,78.50408
2019-07-29,100552.56,2.8640640050086748,82.95134000000004
2019-07-30,100308.31,1.852180716344226,84.23189599999999
2019-07-31,100340.81,2.5143870569801514,82.516064
2019-08-01,100510.125,0.6807561147573603,73.02110000000006
2019-08-02,100662.44,0.9451444908408926,80.78275400000004
2019-08-03,100758.94,2.501516775841853,76.33317200000003
2019-08-04,100216.125,1.659488261607948,77.90993600000009
2019-08-05,100132.31,1.2388733121569593,79.40418800000003
2019-08-06,100277.69,1.8227531694311352,75.87294800000006
2019-08-07,99904.125,2.307540858549675,74.846732
2019-08-08,99749.69,2.5012846746797712,71.28582800000004
2019-08-09,99551.375,1.3629501711574346,75.33212000000009
2019-08-10,99657.31,2.082548310225962,76.72625600000008
2019-08-11,100034.44,3.619762870975829,73.11428600000002
2019-08-12,100404.5,1.941219483360184,75.13192400000008
2019-08-13,100048.81,2.377056358137905,78.08351000000008
2019-08-14,99715.56,1.5421998169212991,73.84719200000004
2019-08-15,100038.375,0.5463423312660395,74.83452800000002
2019-08-16,100424.25,2.4993876404777633,73.587146
2019-08-17,100447.5,2.486078991630268,75.14366000000003
2019-08-18,100324.69,1.9143276132769331,77.46751400000008
2019-08-19,100421.75,1.4701496180741775,76.18463600000005
2019-08-20,100372.06,2.2189880988192816,78.10939400000001
2019-08-21,100536.06,2.536650488738393,79.06208000000001
2019-08-22,100009.75,2.0857823301996428,76.39556000000009
2019-08-23,100061.81,1.1662796719573785,78.62097200000007
2019-08-24,100485.25,1.972539437751794,70.64303000000008
2019-08-25,101097.31,1.0051447603520909,68.81588600000006
2019-08-26,101216.94,1.978175387663551,68.37825200000005
2019-08-27,100901.81,1.2063870846684075,67.20650599999999
2019-08-28,100468.31,1.6250891369809413,67.881992
2019-08-29,99824.625,1.1563520550085256,69.61046
2019-08-30,100291.19,2.422870756275623,72.53443400000003
2019-08-31,100470.125,2.315121470181183,77.188892
2019-09-01,101275.81,1.8928844703010943,71.08116800000005
2019-09-02,101336.0,3.737473028124897,69.597734
2019-09-03,100321.81,1.6749414399838398,72.53015
2019-09-04,100490.94,2.970516532525731,71.78599400000004
2019-09-05,100134.5,0.8395711282062072,77.67800600000008
2019-09-06,100611.44,0.5348485716460588,66.18905600000001
2019-09-07,99805.75,4.495848677765479,59.27864000000004
2019-09-08,99971.56,2.4695455063748306,67.97258600000005
2019-09-09,100763.31,0.963798444497796,71.15750600000008
2019-09-10,101281.25,1.9905919450337903,68.08892000000009
2019-09-11,101358.81,3.305003092192431,71.15021600000007
2019-09-12,100563.625,1.9679151843209353,78.68030000000007
2019-09-13,101159.94,3.965947056074512,64.30940600000005
2019-09-14,101872.56,3.422576545622885,62.90650400000008
2019-09-15,101018.375,2.257051559954256,71.25326600000008
2019-09-16,100700.875,1.7841826126670557,72.19583600000004
2019-09-17,100532.375,0.4942914843880109,69.12899600000004
2019-09-18,100846.125,2.719366671516743,65.96218400000002
2019-09-19,101329.81,2.0490138748233258,60.614149999999995
2019-09-20,101355.94,1.4360847306464626,59.11322000000003
2019-09-21,101011.25,2.2675970654754485,67.59179600000007
2019-09-22,100975.06,1.6312647411310075,69.51484400000004
2019-09-23,100532.19,3.2675901009815727,75.65334800000004
2019-09-24,99578.5,3.766166627743495,79.14614000000009
2019-09-25,99946.875,3.467831886659127,66.59895200000007
2019-09-26,99911.31,2.0635420440836674,66.41801600000004
2019-09-27,99977.625,2.192761153090571,62.73802400000002
2019-09-28,100835.0,3.2593915264818634,63.94312400000007
2019-09-29,100647.875,2.124464694350763,73.86850400000004
2019-09-30,101362.625,3.993354710985859,64.60208600000004
2019-10-01,101226.25,2.6639193267728585,63.04454600000006
2019-10-02,100222.19,3.370970853354127,73.77710000000009
2019-10-03,100006.75,3.231417144874478,74.01704000000002
2019-10-04,100500.375,3.0777568969458913,55.160960000000046
2019-10-05,101253.19,3.3872583218321273,52.71782000000003
2019-10-06,101722.125,2.8329701305475585,50.38170800000002
2019-10-07,101196.0,4.324526103296956,67.34669000000008
2019-10-08,100816.19,2.5589708152645447,65.38618400000004
2019-10-09,101137.25,3.8151626248632073,57.77636
2019-10-10,101310.56,4.176038865625186,51.93253400000007
2019-10-11,101022.44,4.515098530447845,61.685654
2019-10-12,100692.25,3.742535250930492,58.67677400000008
2019-10-13,100299.5,1.6546054509178505,60.675566000000046
2019-10-14,100565.125,2.6210354816790087,57.45371000000006
2019-10-15,100320.5,2.670338900726852,61.455164000000046
2019-10-16,100742.44,2.571522661039382,53.84768000000004
2019-10-17,98221.44,6.096346394301246,59.22471200000001
2019-10-18,98749.625,6.6095145427220245,53.98610000000008
2019-10-19,100330.875,3.378837860224975,50.06420600000007
2019-10-20,100514.44,1.9399587070345723,51.668654000000004
2019-10-21,100446.94,2.768856873552378,53.05460000000001
2019-10-22,100757.0,2.146922004568496,55.358294000000015
2019-10-23,100070.25,3.82443656939362,57.98710400000008
2019-10-24,100741.56,3.4505140917950623,54.86126000000007
2019-10-25,101357.375,3.728838081063398,57.013825999999995
2019-10-26,100995.875,2.242901021200431,56.46297200000006
2019-10-27,101231.125,2.089051930064473,55.35258799999999
2019-10-28,99807.75,2.2541560811485537,59.58287600000002
2019-10-29,101270.875,2.769522270682446,56.584040000000016
2019-10-30,101320.94,1.5913882777634785,56.97977000000003
2019-10-31,100908.25,1.6337210303125562,60.20684600000004
2019-11-01,99265.25,7.497861149726895,69.15480800000005
2019-11-02,101121.44,3.4944203072268567,47.19545600000007
2019-11-03,100564.44,1.6297800696781926,47.33059999999999
2019-11-04,101041.25,2.5885808275473043,47.378480000000046
2019-11-05,101407.5,4.071934448384237,51.29600000000005
2019-11-06,100861.56,3.093485570153688,52.485800000000054
2019-11-07,101635.31,2.2252176342217767,45.94784000000003
2019-11-08,100530.56,3.8321766854769432,47.175674000000086
2019-11-09,101309.625,4.6385161462898985,32.45640800000009
2019-11-10,101089.75,2.159179222993154,36.13730000000008
2019-11-11,100511.25,2.417379677689779,45.40380800000006
2019-11-12,100134.375,2.277102191857724,50.611316000000045
2019-11-13,100665.25,5.694144245817042,29.400260000000003
2019-11-14,101791.44,2.0495232659501696,27.771854000000086
2019-11-15,101413.875,2.661031301053141,38.529680000000056
2019-11-16,100961.75,2.6057555248700366,42.29884400000003
2019-11-17,101962.25,3.583268965739798,31.755056000000014
2019-11-18,100914.5,4.521385531431896,37.970888
2019-11-19,99462.25,2.6052969502066348,40.387460000000075
2019-11-20,99932.5,1.4530520859290448,43.11073400000005
2019-11-21,100567.06,3.794584949049453,41.81180000000004
2019-11-22,100643.25,2.700873703062661,45.283496000000035
2019-11-23,100040.31,6.0455281089348825,42.11207599999999
2019-11-24,99961.125,2.246581674597503,39.80539400000006
2019-11-25,98690.375,5.981807527985249,41.32886000000002
2019-11-26,100031.06,2.1877616215766493,43.38143600000008
2019-11-27,100529.06,2.5337187445344047,47.65721000000006
2019-11-28,98980.94,3.5405196688182654,52.897910000000046
2019-11-29,100716.69,5.819873630676159,39.98501600000003
2019-11-30,100929.25,3.2258629006110504,35.46446000000005
2019-12-01,100503.625,1.9226531459318803,34.54403000000006
2019-12-02,99149.0,5.538448959813388,34.40847200000006
2019-12-03,98935.125,5.735126792229273,33.49803200000002
2019-12-04,99018.31,4.665556500398392,31.90051400000009
2019-12-05,98830.875,2.5919457408300985,36.51344600000002
2019-12-06,100287.69,4.319531082860381,35.53764800000006
2019-12-07,100392.44,4.618096579359029,44.520494000000085
2019-12-08,101901.25,3.0451685732498195,31.52411600000007
2019-12-09,101743.69,2.7277054001630168,35.72771000000007
2019-12-10,99752.0,4.280670995010172,49.914896
2019-12-11,100232.125,4.135037964189052,50.44136000000002
2019-12-12,101558.125,4.663094983347575,32.56736000000001
2019-12-13,102665.25,2.0970954173259977,29.213690000000078
2019-12-14,100863.125,3.0981375193559737,42.148760000000074
2019-12-15,97812.375,4.904397309194346,48.71530400000006
2019-12-16,100515.25,4.5990858322585195,38.81364800000004
2019-12-17,101105.125,0.5286135280964985,33.26576000000007
2019-12-18,99391.25,3.0394505841857224,32.367650000000005
2019-12-19,100130.94,4.70362430852964,28.285124000000064
2019-12-20,101740.375,4.196248152046737,20.807420000000015
2019-12-21,102400.375,2.6227250005909526,27.03398000000003
2019-12-22,102013.69,1.70772070628997,28.75951400000008
2019-12-23,101102.75,3.646314413949879,36.66572600000006
2019-12-24,100328.625,4.238830120623961,45.30097400000001
2019-12-25,101006.625,3.226422569179756,35.64816800000004
2019-12-26,100964.75,1.321424038806558,33.15956000000002
2019-12-27,101654.44,2.415026363343091,40.67155400000006
2019-12-28,100847.56,2.7583585773091213,45.929390000000055
2019-12-29,101168.19,2.5051790477765454,39.415928000000086
2019-12-30,100779.0,2.326869310557365,37.350824000000046
2019-12-31,99762.25,5.60150873718014,37.60178
2020-01-01,99153.44,2.449635767587494,39.469766000000035
2020-01-02,99901.875,3.2615963611816836,34.93250600000008
2020-01-03,99965.56,3.006339447304594,41.81633600000005
2020-01-04,99776.25,1.6093489680572826,44.99999600000009
2020-01-05,98885.69,3.4030779124091426,46.31558000000001
2020-01-06,100332.06,3.3048074507227136,35.161574000000044
2020-01-07,100381.94,2.8157914145638916,37.68162800000007
2020-01-08,100099.19,1.2578369710115491,36.305060000000026
2020-01-09,101048.875,6.427999878768783,31.545860000000015
2020-01-10,102812.875,2.0027735790453622,28.96759400000003
2020-01-11,101930.19,3.8859115447533417,46.77884600000008
2020-01-12,100613.625,5.378833644124188,59.10463400000001
2020-01-13,101299.75,3.6929873170501697,50.62769600000003
2020-01-14,101635.25,1.096793342167733,39.799670000000084
2020-01-15,100917.125,1.7060991631873317,40.59795200000008
2020-01-16,100831.875,1.0470473705785035,38.88143600000008
2020-01-17,100702.31,6.2393544659038085,36.81755600000001
2020-01-18,102684.75,4.017635642980269,23.906840000000024
2020-01-19,100404.5,4.032796087938381,28.305788000000074
2020-01-20,100058.75,3.8864953810475895,33.73610000000008
2020-01-21,101566.06,3.126604203399337,26.485124000000063
2020-01-22,101883.19,2.1209554255844156,28.43783600000004
2020-01-23,101833.31,1.7736717499991086,30.98138
2020-01-24,101610.0,1.8328148057085991,38.05604600000007
2020-01-25,101460.44,2.47646571012338,39.13620800000001
2020-01-26,99576.19,1.1456006456480097,45.31832599999999
2020-01-27,99671.44,3.067796965061549,40.05082400000005
2020-01-28,99441.56,2.940473953660566,41.136620000000086
2020-01-29,100008.125,3.261101682462853,37.072220000000016
2020-01-30,100800.44,2.5000535989594166,33.13054400000002
2020-01-31,101489.06,1.6660497621786572,30.193232000000002
2020-02-01,101200.75,1.470935945364804,37.926068
2020-02-02,99593.5,1.2358417441284666,38.537132000000064
2020-02-03,98891.94,2.307321273629195,35.59082000000005
2020-02-04,100036.5,2.158323644915093,44.78763200000001
2020-02-05,99721.44,2.386543456203203,49.19630000000008
2020-02-06,100633.625,1.4704278335823482,37.87849400000009
2020-02-07,98708.875,2.365451340806006,37.97969000000008
2020-02-08,98599.375,6.285557249443601,34.19402000000004
2020-02-09,101321.75,1.251977439840531,34.15445600000006
2020-02-10,101975.75,0.7311603600041428,37.590332000000046
2020-02-11,100819.5,1.8718900888992869,43.16885600000003
2020-02-12,99871.375,2.226504347284184,44.41316000000004
2020-02-13,100864.375,3.0061024857144756,41.34797600000005
2020-02-14,99641.0,3.630627599154214,40.814240000000076
2020-02-15,102019.31,4.66629653580009,22.101134000000002
2020-02-16,101820.125,3.4647182051984804,27.128156000000047
2020-02-17,100769.06,1.6808372637490074,38.753006000000084
2020-02-18,101443.875,2.509603880916749,40.172540000000005
2020-02-19,100464.625,1.6812489891589102,39.65190799999999
2020-02-20,101522.81,2.8525629827498813,36.770306000000005
2020-02-21,101811.31,3.2631259469783034,29.90408
2020-02-22,101718.56,2.305342216684321,30.675200000000018
2020-02-23,101021.75,2.373753011073733,40.435124000000066
2020-02-24,100705.44,2.8490047879973823,44.33752400000007
2020-02-25,100341.81,2.507070696844718,47.469020000000036
2020-02-26,100022.69,1.378175530471733,45.940046000000066
2020-02-27,99884.94,3.080736094867398,44.271770000000025
2020-02-28,99508.5,6.505059241850444,33.36673999999999
2020-02-29,99774.625,1.7323050037311098,34.91362400000007
2020-03-01,100336.25,4.50568546320906,27.884120000000063
2020-03-02,100870.375,2.2499600834823816,37.452884000000005
2020-03-03,99733.375,4.5903036820712915,53.399660000000054
2020-03-04,98639.5,3.5606654473242907,47.44781600000006
2020-03-05,99862.25,2.96314678392661,49.62596000000006
2020-03-06,100782.625,2.412929346973896,43.322360000000046
2020-03-07,99901.75,3.406153614328212,38.58425600000008
2020-03-08,101504.31,3.027657867686237,40.037306
2020-03-09,101547.06,4.09580174884291,50.516059999999996
2020-03-10,101248.375,3.5850202454189195,58.72010000000007
2020-03-11,100159.56,4.041091331079098,59.91915200000004
2020-03-12,100697.19,1.790303921136046,48.847136000000056
2020-03-13,100910.375,2.907700260145577,44.98851200000003
2020-03-14,100172.625,3.7464166243815185,57.084908
2020-03-15,101512.31,2.715454953777787,47.944940000000074
2020-03-16,101956.44,2.512636842514702,44.40151400000008
2020-03-17,102016.0,3.2859515871682135,39.29727200000008
2020-03-18,100908.625,2.463690454538888,47.77070000000002
2020-03-19,101869.0,3.734181893676311,45.596390000000056
2020-03-20,101225.94,0.926093483542898,47.21786600000007
2020-03-21,99935.69,4.163126762961831,66.66125000000004
2020-03-22,101637.19,2.5898112576776033,42.962864000000025
2020-03-23,102603.44,3.861743529572192,38.04170000000007
2020-03-24,100415.44,5.601324984185821,37.840604000000084
2020-03-25,100963.31,2.380078112005692,46.44795200000008
2020-03-26,100516.25,2.8214745717524248,43.49624000000009
2020-03-27,99916.875,3.311687019630977,50.292716000000006
2020-03-28,100289.56,2.231202143470598,56.05262600000001
2020-03-29,100676.31,3.208079774737874,44.368880000000004
2020-03-30,99995.69,2.8603000062302835,45.253670000000035
2020-03-31,100244.81,1.2458341287025958,46.42147400000001
2020-04-01,100272.625,1.1543543652074086,43.79529200000006
2020-04-02,99583.125,3.1836089407042647,48.007580000000004
2020-04-03,99235.56,6.846378059986723,51.08165600000005
2020-04-04,99807.375,4.7614819511199435,49.68901400000008
2020-04-05,100420.0,2.1572951299875243,51.727100000000085
2020-04-06,100355.5,1.75754415024768,54.35636000000004
2020-04-07,100261.19,2.922756261038987,56.957899999999995
2020-04-08,99544.625,3.1785264081734925,55.44420800000002
2020-04-09,99168.31,0.6999605184221813,55.45079600000006
2020-04-10,98212.875,4.953856009905243,48.02450000000006
2020-04-11,99113.31,7.027548671148938,43.47383000000009
2020-04-12,100245.375,2.2651228154470946,49.95224600000004
2020-04-13,100643.625,5.029661698094221,58.00643600000008
2020-04-14,99245.69,4.48346442725946,62.92018400000003
2020-04-15,100295.125,1.6348094131313362,51.33839000000005
2020-04-16,100161.94,1.5331104103597353,46.99428800000006
2020-04-17,100837.875,4.200109170772047,43.03196600000001
2020-04-18,100585.625,0.870944612888364,41.60494400000007
2020-04-19,100027.81,3.104669899700617,43.755980000000065
2020-04-20,99479.5,4.546791069680691,55.48013600000006
2020-04-21,99197.19,1.3399813706006276,51.042974
2020-04-22,99149.625,6.022882478559996,45.72647600000006
2020-04-23,100173.06,3.416989425214483,46.03672400000001
2020-04-24,100334.0,2.6457189929900267,46.11758000000009
2020-04-25,99802.31,2.376757453637331,48.674155999999996
2020-04-26,100666.56,3.2583863290112056,53.69298800000005
2020-04-27,99641.19,5.5503728076218755,44.683988000000056
2020-04-28,100518.125,3.7780303871833705,44.442392000000005
2020-04-29,100737.19,1.936458913319402,57.736832000000035
2020-04-30,101172.69,5.130509275689037,49.731476
2020-05-01,99953.875,8.370906203851186,56.70280400000006
2020-05-02,99490.5,3.2915414898775013,57.808364000000026
2020-05-03,100104.0,2.632371098494331,65.409908
2020-05-04,99277.06,3.1167698910041546,71.65322600000006
2020-05-05,99959.69,5.947692609587514,53.956112000000076
2020-05-06,99991.875,0.5949195419958645,56.76872000000001
2020-05-07,99762.875,0.8786379850737092,45.73421600000006
2020-05-08,99588.375,3.3942630913003975,59.833040000000025
2020-05-09,99237.0,1.9660668558911552,44.41744400000007
2020-05-10,100311.06,5.528537591367664,40.636724
2020-05-11,100297.81,3.9730170295629015,57.67412000000009
2020-05-12,99885.56,5.134527774262089,50.367650000000005
2020-05-13,100601.125,2.3879678689769612,52.42197200000005
2020-05-14,101270.125,2.3537280695924183,56.561540000000036
2020-05-15,100746.56,3.2100569680844298,60.98108000000008
2020-05-16,99795.0,4.601473657525494,75.66609199999999
2020-05-17,100869.625,1.582355463892943,69.306314
2020-05-18,101189.19,2.6688269918142615,58.71725600000009
2020-05-19,100785.75,2.581890436242474,62.105666
2020-05-20,101594.375,3.598643229721103,57.123806000000016
2020-05-21,101855.75,2.665511735006929,56.115806000000006
2020-05-22,101387.625,3.57966180290279,60.65216600000009
2020-05-23,100591.81,2.0265143012093056,66.08402600000008
2020-05-24,100785.75,4.145847377686425,57.72210800000007
2020-05-25,101174.19,2.5812284804577605,62.21375600000008
2020-05-26,101016.19,2.655171618939207,66.0449120000001
2020-05-27,101071.56,2.9018132491050506,69.49133600000005
2020-05-28,101117.375,2.813556837028527,68.58561200000007
2020-05-29,100725.25,4.012865464657379,69.12042800000009
2020-05-30,100093.375,3.769068998769634,71.91536000000004
2020-05-31,100045.19,2.524526925804063,73.94210600000002
2020-06-01,100775.125,3.707153645380543,61.57304600000007
2020-06-02,100772.81,1.6073356238586525,65.51954600000006
2020-06-03,99958.94,2.1657813903616865,68.03411000000003
2020-06-04,99251.31,3.410793872975035,73.34006000000001
2020-06-05,100055.56,3.010358800218974,75.90822800000001
2020-06-06,100038.56,2.19590755494125,72.32381600000005
2020-06-07,99616.56,4.6572173256426685,78.33533
2020-06-08,100248.25,2.0722997762854143,69.97253000000008
2020-06-09,100299.94,1.7001648808097534,73.13374400000001
2020-06-10,100090.44,3.010089159926471,81.15375200000008
2020-06-11,100244.75,4.509881763288534,75.92536400000003
2020-06-12,100572.44,2.324267077286216,73.96079000000002
2020-06-13,100555.25,2.3295847412883117,76.7245100000001
2020-06-14,101149.625,3.241122040352608,67.045334
2020-06-15,101677.19,1.797434028510546,67.937306
2020-06-16,101659.75,1.9738516543897668,67.52687000000007
2020-06-17,101486.75,2.1913999421260035,69.509228
2020-06-18,101164.25,2.4091762035240927,69.84816800000004
2020-06-19,100868.56,2.1155112761933696,72.28868000000004
2020-06-20,100710.75,2.805383211916028,73.89816800000004
2020-06-21,100532.25,2.3856711671473354,75.23299400000009
2020-06-22,100281.69,2.94157454193419,78.75896000000007
2020-06-23,100120.25,3.2772053955882,80.70026
2020-06-24,99459.25,3.41754164008161,78.76070600000006
2020-06-25,99737.44,2.688469858962338,79.96414999999999
2020-06-26,100301.06,3.04220381170651,75.86132000000006
2020-06-27,100141.81,1.592574157211784,79.60578800000008
2020-06-28,99520.44,1.1612987765061489,75.39152000000001
2020-06-29,99528.56,0.6804530614948446,73.27742000000008
2020-06-30,100014.69,2.0228460342692545,74.713892
2020-07-01,100065.25,0.8899880159327571,71.20558400000004
2020-07-02,99992.06,1.021801581633001,72.52008800000003
2020-07-03,99747.44,2.71633811675988,84.50283200000004
2020-07-04,99956.5,2.6245669563999057,77.03146400000006
2020-07-05,100156.94,2.735958229253359,78.63764000000003
2020-07-06,100201.375,0.9549986255946424,84.12008
2020-07-07,100685.5,3.0514158927802235,74.89709600000003
2020-07-08,100630.94,3.3021601566132204,75.26980400000005
2020-07-09,100299.69,0.7163513681757159,75.8955920000001
2020-07-10,100374.375,2.7935337902455237,80.14454600000006
2020-07-11,99331.06,7.180203008508537,73.58797400000006
2020-07-12,99277.375,3.368322059075014,77.811494
2020-07-13,99548.0,1.979026984491344,81.46292
2020-07-14,99846.875,2.594786124802119,81.31460000000008
2020-07-15,100518.0,1.7256958183380624,79.35080000000008
2020-07-16,101135.25,3.054263146088963,74.47384400000003
2020-07-17,101307.375,4.139967466364017,69.52472600000006
2020-07-18,100589.125,1.3486797361128595,80.24979200000006
2020-07-19,100426.125,1.359968559231877,83.35760000000008
2020-07-20,99977.94,3.8439050839065785,84.27848000000004
2020-07-21,99973.25,2.697986216627196,87.38893400000003
2020-07-22,100460.56,0.2882623614658399,83.34024800000009
2020-07-23,100458.375,3.138557839288771,74.42114000000008
2020-07-24,100438.875,1.7128322273243342,81.07664000000007
2020-07-25,100690.25,1.0841544806148815,77.07909200000003
2020-07-26,100527.31,2.6391590313951276,82.94100800000004
2020-07-27,100101.69,1.9447218978085763,85.66087999999999
2020-07-28,99613.69,3.439160607534125,88.2716
2020-07-29,99860.625,2.3153171995408255,84.32693600000007
2020-07-30,100014.94,1.794308388710257,82.9120100000001
2020-07-31,99850.44,1.371447189358442,82.36508000000006
2020-08-01,99819.125,0.4585242269132308,79.39583600000005
2020-08-02,100268.69,3.647323241523844,80.72726000000009
2020-08-03,99927.625,3.882893431015001,82.18482800000005
2020-08-04,100559.44,3.3923828107260667,82.19426000000007
2020-08-05,99936.875,4.4562920525961225,76.46864000000006
2020-08-06,100538.0,2.134340948723976,78.10471400000006
2020-08-07,100799.19,1.8464276479175277,76.453466
2020-08-08,100851.125,1.9286256244713629,72.998546
2020-08-09,100838.94,2.413395231860917,75.93008000000009
2020-08-10,100563.56,2.583659643022997,79.49636600000008
2020-08-11,100312.06,1.5470804305066266,82.14341000000005
2020-08-12,100198.875,3.2125245015382236,81.09356000000001
2020-08-13,100563.31,1.2881776663234077,81.01356799999999
2020-08-14,100665.125,0.9384934532923772,77.01234800000003
2020-08-15,100374.0,0.8465483494440896,78.93815000000001
2020-08-16,100548.19,3.215855546977112,73.55973200000005
2020-08-17,100163.25,3.6086094063914342,68.24678000000006
2020-08-18,100015.875,1.6118629790364192,71.26655000000001
2020-08-19,99988.5,1.0720855807633909,76.18244000000007
2020-08-20,100261.44,0.3287394650251157,71.18906000000001
2020-08-21,100371.31,1.8759796950173224,72.22649
2020-08-22,100066.81,2.8409582769479176,77.99432000000006
2020-08-23,100261.875,2.278595073632314,79.22300000000003
2020-08-24,100550.0,2.621791605076274,78.31850000000003
2020-08-25,100206.31,1.7324234230521969,81.49719200000003
2020-08-26,99731.75,4.165429640268538,77.93393000000007
2020-08-27,100138.69,3.173535089962652,71.80296800000006
2020-08-28,99521.44,2.4605439576458425,79.81012400000006
2020-08-29,99738.56,1.605907425005604,74.65622
2020-08-30,98743.44,3.088331930631287,76.70165
2020-08-31,99994.625,2.2591496042378534,71.81537000000006
2020-09-01,100721.69,2.4073214467124515,70.17126800000008
2020-09-02,100782.875,2.789459592816008,71.37433400000005
2020-09-03,99738.44,2.233668296653881,76.32262400000006
2020-09-04,99617.125,2.105823494299718,74.68347200000007
2020-09-05,100281.125,2.403777358957,74.40485000000008
2020-09-06,101021.375,2.6086313965461745,70.65039200000001
2020-09-07,100890.5,2.8634913914767477,73.53671000000006
2020-09-08,100651.56,2.4674180957751037,71.11832000000007
2020-09-09,101029.19,2.657563127547649,73.87952000000006
2020-09-10,101435.81,2.0952288824758645,74.38640000000001
2020-09-11,100922.25,1.4479627139603437,75.00668000000003
2020-09-12,101177.125,2.921947759008489,67.46237600000002
2020-09-13,101288.31,2.5655229562643345,63.570380000000036
2020-09-14,100511.56,2.8416900000409666,71.1365900000001
2020-09-15,101024.31,4.687112177670344,65.3216
2020-09-16,101417.375,2.433921639792358,57.98094800000007
2020-09-17,100835.125,3.0420835500124777,65.01902000000004
2020-09-18,100336.25,0.9312684995392212,67.83789200000001
2020-09-19,100626.69,4.612546721630606,61.51877600000008
2020-09-20,101556.06,1.9843877311660107,54.592556000000016
2020-09-21,102221.25,2.171910102792809,54.767660000000035
2020-09-22,101873.625,1.708417098655984,57.13502000000004
2020-09-23,100098.81,3.801352785364564,63.013568
2020-09-24,100029.69,2.2829047128648536,69.8909
2020-09-25,100444.125,2.3658935496263775,67.52037200000001
2020-09-26,100763.19,2.42441647100705,68.64296000000006
2020-09-27,100590.56,2.0238492294070944,68.15791400000003
2020-09-28,100201.75,2.2426510820503354,71.95748
2020-09-29,100092.75,3.661222794564376,70.77056000000009
2020-09-30,99698.06,2.930810486494563,69.589994
2020-10-01,99853.69,3.6161819022763138,62.70848600000001
2020-10-02,100241.81,2.445532284606065,63.02213600000006
2020-10-03,100459.375,2.304185040713478,56.75509400000003
2020-10-04,101192.06,2.213413238257495,57.09853400000007
2020-10-05,100888.81,1.7179436703006716,57.84911600000007
2020-10-06,100980.125,2.3328707837253098,58.985654
2020-10-07,100342.44,2.8438486398168417,60.50318000000002
2020-10-08,99469.25,4.873651979005887,63.64454000000004
2020-10-09,100719.31,4.088410592830353,55.98298400000006
2020-10-10,100825.625,3.405076496320551,61.98987200000003
2020-10-11,100082.875,4.922365757659226,67.6560200000001
2020-10-12,101078.19,2.6341084427538597,60.415160000000014
2020-10-13,100712.31,5.225859907842182,53.4704
2020-10-14,99980.81,3.401778670371046,56.15535200000003
2020-10-15,100441.69,2.0946028858378023,57.52922000000003
2020-10-16,100323.0,4.8397595789749195,64.23920600000007
2020-10-17,100840.875,2.804155112541464,52.101068
2020-10-18,101648.125,1.7796453557225946,50.387180000000015
2020-10-19,101729.625,2.9206178551091613,55.457960000000085
2020-10-20,101439.5,3.114517500878112,58.41941000000004
2020-10-21,101258.56,1.6712755168260318,62.62466000000005
2020-10-22,101210.69,2.114607064525076,65.50493000000003
2020-10-23,101232.125,1.4814115494124176,65.38112600000002
2020-10-24,100707.69,2.4184478854587215,63.44587400000006
2020-10-25,100432.0,4.886943231821057,55.319846000000084
2020-10-26,101324.0,2.098383253012178,49.79282000000003
2020-10-27,100805.81,1.7031828075752762,56.26335200000003
2020-10-28,100978.31,1.3811837324825047,54.32360000000008
2020-10-29,100380.44,1.821350229432015,54.39304400000002
2020-10-30,99068.94,6.301291532537902,46.558220000000084
2020-10-31,100979.31,2.5860601932096716,39.30177200000007
2020-11-01,101938.44,2.501052350137128,40.721432000000085
2020-11-02,99388.44,5.351069959850979,51.93212000000009
2020-11-03,100101.75,4.242655244124607,39.54020000000004
2020-11-04,101215.125,2.3237772854297374,44.86262000000007
2020-11-05,101872.125,4.270950091510324,55.12712000000005
2020-11-06,101584.375,3.144708593809331,57.67980800000005
2020-11-07,101174.94,3.1758892450392535,58.681832
2020-11-08,101303.25,2.7693270142332236,59.644400000000005
2020-11-09,101615.5,2.330019059850878,57.52556600000005
2020-11-10,101345.0,2.3669635219478,58.50355999999999
2020-11-11,100868.0,3.3323213179316076,64.622732
2020-11-12,100225.56,3.921475006590339,65.11339400000006
2020-11-13,100602.25,3.502207418517551,47.13512000000005
2020-11-14,100339.75,1.8776740529956448,45.34403000000007
2020-11-15,101192.25,2.5227331192421936,43.83188600000007
2020-11-16,99321.56,8.889153362298455,59.49707000000005
2020-11-17,100323.19,2.012475117450609,45.13463600000006
2020-11-18,100642.94,5.387782166547627,39.57467000000008
2020-11-19,102255.0,3.455784442522301,31.156286000000012
2020-11-20,101777.0,4.956193058961212,43.685546000000066
2020-11-21,101324.375,4.2121981138692135,54.46785200000003
2020-11-22,101722.94,3.4846831162316754,52.531844000000035
2020-11-23,101224.31,4.1893884219399515,50.188568
2020-11-24,100771.5,4.746519164898749,42.83906000000002
2020-11-25,101746.625,1.6299422662914134,40.17236000000005
2020-11-26,101199.81,2.1502002121901556,47.55493400000004
2020-11-27,100480.56,2.295939590889033,54.26965399999999
2020-11-28,100409.56,2.352602496246287,50.83336400000003
2020-11-29,100589.0,2.8862933628831793,45.01904
2020-11-30,100769.69,2.7334674286295955,43.80485000000008
2020-12-01,98353.25,6.454584917660194,61.79518400000003
2020-12-02,99467.06,6.028763475323214,41.43509600000008
2020-12-03,100513.125,4.527418430263089,39.79835600000003
2020-12-04,100936.875,3.7676741503012177,44.011184000000036
2020-12-05,100300.81,4.016934751978878,44.849876000000016
2020-12-06,99469.69,5.936299416625318,41.296352000000034
2020-12-07,99864.25,4.779703300563675,33.94724000000008
2020-12-08,99468.31,2.431312566017683,33.062000000000054
2020-12-09,99803.44,3.793075088088852,32.297774000000025
2020-12-10,99695.81,3.6893050706841817,34.28805200000001
2020-12-11,101089.44,1.8712962942440865,38.93504
2020-12-12,100863.25,2.62528779225052,45.46621400000007
2020-12-13,100307.19,2.8026104258259146,49.94983400000009
2020-12-14,100468.75,2.806635033080985,46.84906400000001
2020-12-15,100011.19,4.777976503640051,35.892284000000075
2020-12-16,101615.375,3.2939484958524776,31.94951000000009
2020-12-17,100909.56,6.6446343204850455,24.292256000000087
2020-12-18,100747.19,3.556650420931363,26.26408399999999
2020-12-19,101539.625,2.645859807567107,24.479690000000083
2020-12-20,101520.875,1.6485177201151708,25.72817000000009
2020-12-21,100547.69,2.151875760350864,33.44432000000006
2020-12-22,99512.31,2.5940360453631888,35.97380600000001
2020-12-23,100534.625,4.44320420957407,41.096390000000056
2020-12-24,101609.94,3.0148971412905614,37.05947600000006
2020-12-25,99976.56,8.0450038159248,55.62338
2020-12-26,99157.44,5.735264884183099,36.49949600000004
2020-12-27,100247.625,3.9533539283745105,28.165604000000087
2020-12-28,101489.44,2.360753794652722,31.401068
2020-12-29,100711.25,3.4084293290299272,42.32741000000004
2020-12-30,102077.375,3.2858700672542303,31.827452000000072
2020-12-31,100912.81,4.926618777528966,37.430150000000005
2021-01-01,101441.625,3.027889510516115,38.51054600000007
2021-01-02,101338.56,2.894347123389069,34.17049400000009
2021-01-03,100547.625,3.612840511392743,39.170606000000035
2021-01-04,100282.625,3.815301228070617,34.16347400000001
2021-01-05,100284.81,1.5142047105594365,36.576068
2021-01-06,100182.56,2.2076762958987866,36.992786000000024
2021-01-07,100530.625,4.988924302525265,34.68533
2021-01-08,100769.75,3.9988196004864447,33.463868000000026
2021-01-09,100107.44,3.659289791544311,31.709120000000063
2021-01-10,100163.875,3.8712702233966825,35.51968400000008
2021-01-11,101315.06,1.837092469688045,31.352719999999998
2021-01-12,101080.44,1.6804370879938857,31.466120000000082
2021-01-13,100680.25,0.6543015413401183,34.739149999999995
2021-01-14,100166.625,1.913646742934445,35.561588000000086
2021-01-15,99880.5,1.7269773753497508,40.72186400000002
2021-01-16,100126.25,5.404826465319101,42.416726000000054
2021-01-17,98470.94,4.314051892423142,38.79500000000006
2021-01-18,99408.81,3.805854081507855,41.52354800000002
2021-01-19,99881.69,3.3264078762333646,37.72337000000007
2021-01-20,100697.25,2.59859431834255,34.52666000000003
2021-01-21,100548.31,4.7650692227587985,29.408810000000006
2021-01-22,99192.625,1.586327741513099,33.37442600000003
2021-01-23,99821.31,3.693827265347849,37.027400000000014
2021-01-24,100861.625,6.692086435529729,25.355300000000067
2021-01-25,100849.375,3.7787997526119583,27.97366999999999
2021-01-26,100678.81,1.2848943052504718,32.22064400000005
2021-01-27,100084.5,2.5781707851493856,31.30988000000001
2021-01-28,100754.69,3.4732151822859825,30.612686000000075
2021-01-29,100844.0,6.887974388637423,23.083754000000035
2021-01-30,100988.69,5.472054453541768,19.25567600000003
2021-01-31,101335.06,3.034893698874155,26.335400000000014
2021-02-01,101168.56,2.788687279514349,23.051660000000027
2021-02-02,99268.875,8.973411793595437,30.113474000000007
2021-02-03,98448.44,5.002493641009504,31.95923
2021-02-04,99167.75,4.186698533931136,31.755704000000016
2021-02-05,99988.75,2.0080118117194856,34.255309999999994
2021-02-06,99261.31,2.8830545700479013,37.51100600000009
2021-02-07,100810.81,2.65034458607862,36.91940000000001
2021-02-08,100025.25,3.0048853852877,29.016374000000063
2021-02-09,101762.19,2.0928965422113084,23.416430000000037
2021-02-10,100945.31,2.622060083819753,27.771854000000086
2021-02-11,101347.69,1.0898255148272404,28.80422600000005
2021-02-12,101321.94,2.820134591131184,28.08451400000008
2021-02-13,101443.5,0.8321433599205762,27.859244000000047
2021-02-14,101153.625,2.478793375596784,26.882420000000014
2021-02-15,101261.875,1.6777636088689367,35.20454000000002
2021-02-16,100933.69,2.579529645712553,31.18177400000002
2021-02-17,99628.81,5.334792868390839,39.762986
2021-02-18,101832.75,1.223676381862622,29.70125600000008
2021-02-19,101374.375,4.074777666813152,25.677410000000044
2021-02-20,100612.44,2.381906845514847,30.53875999999999
2021-02-21,100960.125,4.061367236356097,31.114760000000082
2021-02-22,102028.06,1.893723308907204,31.89765200000005
2021-02-23,99420.25,4.089240608904116,35.21498000000006
2021-02-24,99412.625,4.305697905878727,41.803915999999994
2021-02-25,99766.56,5.496619618406238,45.84830000000005
2021-02-26,101075.44,2.480082779700074,39.45405200000001
2021-02-27,101900.625,3.2906422588439557,37.21388000000006
2021-02-28,100779.5,3.7826812527740543,43.20280400000006
2021-03-01,100647.625,2.566751935168695,39.271676000000035
2021-03-02,99645.44,5.303539730323749,38.82794000000008
2021-03-03,100860.0,2.554674427489802,30.289136000000052
2021-03-04,99886.75,1.997251530127212,43.84187600000001
2021-03-05,99952.5,6.005792254048024,31.3034
2021-03-06,99996.625,4.194204076078885,32.285354000000076
2021-03-07,100946.44,3.5225976035716156,29.90507000000006
2021-03-08,101540.875,3.1093218215431224,33.791252000000085
2021-03-09,101712.94,1.8269351342996747,37.43708
2021-03-10,101692.375,3.145143893262668,51.962864000000025
2021-03-11,101914.06,3.0340243112695124,44.05852400000002
2021-03-12,100751.69,3.825404145032031,58.64255600000001
2021-03-13,100386.31,3.727038152117679,56.53625000000004
2021-03-14,100886.125,2.7447837541673534,42.766754000000034
2021-03-15,100645.56,6.715324934582689,35.751020000000054
2021-03-16,101486.875,2.22871073656044,32.553968000000054
2021-03-17,101089.06,1.5532309189534053,33.57787999999999
2021-03-18,100900.31,2.2878183073191147,43.83100400000004
2021-03-19,99804.19,5.129696386282391,43.51568000000002
2021-03-20,101617.44,2.8486103555814832,38.06339000000005
2021-03-21,102044.19,1.6389957447482315,48.856154000000004
2021-03-22,102072.875,2.304992639241586,49.568720000000006
2021-03-23,101473.19,2.293260116121704,48.96008600000005
2021-03-24,101250.0,2.3684551802701144,53.46008600000005
2021-03-25,100679.19,3.59555604869813,51.77258600000005
2021-03-26,100421.81,2.2940413720146724,57.58610000000008
2021-03-27,99841.06,7.690931912825652,62.56202000000002
2021-03-28,100837.5,2.9478940356803367,55.934636000000054
2021-03-29,98653.19,5.447949102749064,58.44677000000003
2021-03-30,101054.19,2.7746777209915026,48.281126000000015
2021-03-31,101348.125,4.890709151752177,51.5489
2021-04-01,100069.44,2.8031767952601725,56.66347400000001
2021-04-02,100267.875,4.888060082695065,41.24021000000007
2021-04-03,101175.31,2.9376534046376883,35.86393400000003
2021-04-04,101141.25,1.9372043056136592,47.872094000000025
2021-04-05,100321.125,2.867482348269319,57.59445200000007
2021-04-06,100077.125,4.160968531668065,60.01584800000004
2021-04-07,100166.31,1.954852308434919,58.63550000000002
2021-04-08,100409.81,2.4234564463645927,59.15384600000008
2021-04-09,100677.31,3.4681617495689125,59.284814000000004
2021-04-10,100877.625,2.1211500207958185,50.66537000000007
2021-04-11,99876.625,2.1870351621169344,59.11057400000006
2021-04-12,99185.75,4.590950190440647,49.32816800000008
2021-04-13,100051.69,0.519114564096602,47.89605200000001
2021-04-14,100528.19,0.500786533183612,59.093204000000014
2021-04-15,100095.125,2.811299884166093,59.82380600000001
2021-04-16,99415.25,3.886759506759303,47.87265200000005
2021-04-17,99323.81,2.917746475322748,45.46741999999999
2021-04-18,99770.25,1.6697064792486913,50.70437600000001
2021-04-19,99890.75,1.5798370113750726,56.908220000000085
2021-04-20,99861.375,0.9166862026633924,55.660856000000024
2021-04-21,99991.94,3.940754600807334,63.16804400000002
2021-04-22,99420.19,7.009494330766307,43.412414000000034
2021-04-23,100039.0,4.67606704495907,44.18146400000006
2021-04-24,100129.625,2.7555678013615665,58.256276000000085
2021-04-25,100082.69,3.745871326642196,59.45180000000006
2021-04-26,99590.25,2.537279994919587,58.010180000000034
2021-04-27,100552.375,3.88734968952155,54.770306000000005
2021-04-28,100213.69,2.2461158895348654,58.63463600000006
2021-04-29,99675.625,1.2686892091060438,72.1205600000001
2021-04-30,98775.0,4.676508294289977,67.29933200000004
2021-05-01,98997.625,7.47605879812976,54.69954800000001
2021-05-02,99938.69,2.0033220918359085,58.740332000000045
2021-05-03,99578.625,3.633866196628496,71.22277400000003
2021-05-04,99849.44,2.7789999757000596,54.81777200000008
2021-05-05,99661.44,3.664858747388259,61.56996800000006
2021-05-06,99669.875,4.587824295306742,55.82829200000007
2021-05-07,100220.94,2.76650046129844,58.60750999999999
2021-05-08,99976.06,2.887114688421241,55.54736600000007
2021-05-09,100192.5,1.1833005006461923,49.48952000000004
2021-05-10,100240.5,1.8135903329552707,49.202420000000075
2021-05-11,100331.125,2.327984718363566,56.18282000000005
2021-05-12,100511.25,3.028331237518751,56.81289200000001
2021-05-13,100979.19,1.6588924695736404,61.29244400000007
2021-05-14,100992.875,2.1173119291992335,61.43504
2021-05-15,101024.56,3.0849858410589603,66.75396800000006
2021-05-16,101127.81,3.102465910072472,67.49114000000004
2021-05-17,101234.0,1.141160714192844,62.75912000000007
2021-05-18,101364.94,2.7547687093212727,67.643654
2021-05-19,101149.19,2.495979083359286,73.79621600000002
2021-05-20,101412.875,1.7442670528006714,76.933904
2021-05-21,102022.5,3.1411306902592018,66.26706800000001
2021-05-22,101684.125,2.999865863242084,72.07795400000002
2021-05-23,100594.625,2.7848787791821317,79.28585600000002
2021-05-24,100210.125,3.726162668060333,79.40868800000003
2021-05-25,101416.5,3.467953685723454,58.75417400000009
2021-05-26,100874.31,3.0741590600768154,69.20456000000009
2021-05-27,100028.25,3.776408711618561,74.4406700000001
2021-05-28,100326.06,3.6945532811976767,71.781314
2021-05-29,100226.94,5.202611844220501,49.79899399999999
2021-05-30,100927.81,4.792065673649802,48.68411000000003
2021-05-31,100913.0,4.299773702686803,49.90271000000007
2021-06-01,101157.375,1.1993012145934456,64.96694600000004
2021-06-02,101186.69,2.5160389440214574,69.50188400000002
2021-06-03,101072.56,2.4801117297509503,66.60698000000005
2021-06-04,100366.5,2.444911378560285,68.98136000000004
2021-06-05,100125.25,1.351668933614068,69.54853999999999
2021-06-06,100145.81,3.4398926730730945,82.97990600000006
2021-06-07,100491.5,2.891085079002702,82.74614000000008
2021-06-08,100582.375,1.6512587985796197,80.99312000000006
2021-06-09,100469.5,1.4468339461884498,74.09987600000002
2021-06-10,100416.0,2.690919219156021,78.81476000000008
2021-06-11,100543.5,2.9482058309302626,70.37177000000003
2021-06-12,100084.44,1.0123947811533411,66.84800000000003
2021-06-13,99996.625,1.7051331458887826,67.45982000000002
2021-06-14,100069.75,2.962018656322019,68.97266599999999
2021-06-15,99720.31,0.6686585501644468,67.92404000000003
2021-06-16,99652.81,3.756317458774688,71.53588400000001
2021-06-17,100093.06,2.8365136811999503,70.13372000000003
2021-06-18,100365.44,1.765353249010036,72.71537000000006
2021-06-19,100010.06,3.550925840103412,76.13852000000006
2021-06-20,99764.0,2.3134215117010495,72.72320000000005
2021-06-21,99720.81,2.258390065120718,80.24234000000004
2021-06-22,99122.875,4.216979443334538,78.72206000000003
2021-06-23,99927.81,4.639816357439355,62.08368800000003
2021-06-24,101263.69,0.4919893967071079,69.42938000000002
2021-06-25,101566.75,2.565636830178192,69.24182000000005
2021-06-26,101274.0,3.4757947829783995,72.33634400000003
2021-06-27,101001.56,3.9320986195101537,78.31313600000007
2021-06-28,100907.625,3.523893259364736,83.250392
2021-06-29,101022.375,2.895797179024643,84.65311400000002
2021-06-30,100813.625,2.1575485658320464,84.12994400000007
2021-07-01,100130.25,3.2222630639914005,84.69091400000005
2021-07-02,99780.81,1.7655912396538278,71.795984
2021-07-03,99633.625,3.906354114167122,67.55817200000004
2021-07-04,99862.94,2.255608812200655,62.74130000000004
2021-07-05,100287.56,2.1834504461458475,71.245076
2021-07-06,100452.06,3.4630691815813353,78.30896000000007
2021-07-07,100336.125,2.3745869111278637,75.52567400000008
2021-07-08,100175.56,1.1267306451462955,82.03334000000005
2021-07-09,100437.94,2.035029999525798,72.99629600000006
2021-07-10,99935.5,1.8684637423458903,78.91451600000002
2021-07-11,100489.19,0.7431546000141357,76.70076800000007
2021-07-12,100667.56,2.976012320437623,73.71809600000009
2021-07-13,100972.44,3.3299584505849498,73.93838000000002
2021-07-14,101138.19,2.8900946700829886,71.34263600000006
2021-07-15,100810.19,1.2563517933400663,79.92878000000007
2021-07-16,100448.75,2.8983827538135816,82.19415200000005
2021-07-17,100459.0,1.4456200379978827,82.74830000000006
2021-07-18,100434.06,0.5210328121776004,78.02045600000007
2021-07-19,100278.69,3.036918092035137,76.53214400000006
2021-07-20,100301.19,0.7498381067863247,77.55859400000004
2021-07-21,99981.19,1.4227897996213283,81.31449200000006
2021-07-22,100137.625,2.7486954889754123,74.88330800000006
2021-07-23,100741.5,2.097350610120797,74.84486000000003
2021-07-24,100742.81,0.8884877720829119,74.12000000000006
2021-07-25,100590.81,3.600719621503457,75.45943400000003
2021-07-26,99919.44,2.556899676249729,79.62072800000001
2021-07-27,100090.81,1.8448757307115,81.18582800000004
2021-07-28,100209.06,2.7847680156422654,77.45576000000008
2021-07-29,100452.31,0.6980453805832312,76.21507400000004
2021-07-30,99649.0,3.267413783326982,73.452236
2021-07-31,100082.69,4.157802447516197,73.52013200000007
2021-08-01,100274.81,1.556526972926576,71.73737600000001
2021-08-02,99955.31,1.4851248481882258,70.32012800000005
2021-08-03,100516.5,2.1064985409821793,75.17048000000004
2021-08-04,100763.19,0.8793022650093576,71.975228
2021-08-05,100851.125,1.8574820238832193,70.64753000000007
2021-08-06,100721.125,1.0032479185754646,75.373736
2021-08-07,100761.875,2.5981360086411662,80.39678000000006
2021-08-08,100511.25,3.13507818241604,78.64206800000001
2021-08-09,100777.875,2.385938950793343,70.75418
2021-08-10,100922.81,0.8506302219264608,74.82398000000005
2021-08-11,100615.125,2.544728255626789,75.67808000000001
2021-08-12,100413.125,2.6958244079413336,81.21527600000007
2021-08-13,100307.75,0.8151885207562994,83.57810000000008
2021-08-14,100462.06,1.3110888553452966,85.27010000000007
2021-08-15,100705.5,3.090596999832565,80.11445000000002
2021-08-16,100966.06,1.0008617004351577,74.10506000000002
2021-08-17,101027.625,2.14633188853038,74.67555200000001
2021-08-18,101090.19,2.8585178859277196,75.71024600000004
2021-08-19,100852.375,3.860847773433083,78.30005000000006
2021-08-20,100101.56,3.6918417951158222,80.08502000000004
2021-08-21,100034.75,0.6933677574301667,76.47602000000005
2021-08-22,100095.44,1.4250626953423349,78.38783600000004
2021-08-23,99706.625,3.6213957754163313,72.44303000000008
2021-08-24,99762.125,2.7425253200095563,77.51597000000001
2021-08-25,100361.375,1.6182150432131572,80.34373400000005
2021-08-26,100691.5,1.9325536539545627,82.34522600000005
2021-08-27,100649.875,2.434788752881243,82.04378
2021-08-28,100760.875,1.0362117490628706,77.88326
2021-08-29,101337.19,2.8557599097029223,68.77724000000002
2021-08-30,100788.0,1.3999312243314217,73.56565400000004
2021-08-31,99732.19,1.9477659062341373,78.62964800000006
2021-09-01,99744.81,1.3404552476328642,75.95513600000007
2021-09-02,99377.94,7.250248456385336,66.08753600000001
2021-09-03,100300.125,3.411382721770596,67.55300600000008
2021-09-04,100537.56,1.857146195823621,68.04806
2021-09-05,100286.125,2.387316265416145,71.28230000000005
2021-09-06,99771.69,2.47422780866963,71.12246000000006
2021-09-07,99864.25,2.2357284707177656,73.11506
2021-09-08,100176.81,2.331088824478177,71.41535600000002
2021-09-09,99728.625,4.239001675927681,75.10261999999999
2021-09-10,99606.94,1.7415697259954797,68.83692800000003
2021-09-11,100442.31,3.179406657155427,66.63311600000006
2021-09-12,100850.375,2.65381340873864,69.56592800000008
2021-09-13,100478.94,2.6192374612859006,76.55849600000003
2021-09-14,100603.31,1.9185221224612163,74.84189000000006
2021-09-15,100507.31,3.232164341547286,71.92238
2021-09-16,100361.06,2.7291394279033914,76.65890000000009
2021-09-17,101248.06,1.8813328785756576,71.14136000000002
2021-09-18,100978.44,1.7444686046972644,71.33604800000002
2021-09-19,100470.625,2.0947908710339203,75.7979240000001
2021-09-20,101060.31,1.12763434833351,65.67161000000003
2021-09-21,101606.25,2.558774658536052,66.12391400000004
2021-09-22,101365.0,2.3769054548829867,69.45002600000008
2021-09-23,100443.81,4.786445425706221,73.94079200000007
2021-09-24,100224.625,3.4389641169142147,70.41362000000007
2021-09-25,100633.31,1.663851010866238,64.50002600000008
2021-09-26,100151.81,1.5178808480162236,65.88626000000008
2021-09-27,100190.94,2.401451621583514,63.900140000000036
2021-09-28,99965.375,4.748499758629301,72.02372000000005
2021-09-29,99948.69,2.492607950932296,65.26916600000008
2021-09-30,100480.69,1.041975930627932,61.35650599999999
2021-10-01,100941.75,2.0642505871960366,58.400186000000076
2021-10-02,101146.31,1.7219279881148724,58.924670000000084
2021-10-03,100617.81,2.353895960319514,65.78717000000009
2021-10-04,100164.625,1.652777177440958,68.66801600000004
2021-10-05,100606.19,3.3095468069238865,63.663854000000086
2021-10-06,101422.25,1.2531434943222823,62.49281
2021-10-07,101542.44,0.886558561722233,64.58954
2021-10-08,101089.0,1.614654422004774,64.25996000000006
2021-10-09,100980.19,2.3739399578819382,67.16096600000006
2021-10-10,101230.06,4.312906391991361,62.46469400000008
2021-10-11,100879.06,3.969319972287228,62.62421000000006
2021-10-12,100745.0,1.6828037354251295,64.43312000000007
2021-10-13,100674.19,1.7494232304269255,63.27932000000004
2021-10-14,100414.75,1.1030771128220231,66.05376800000003
2021-10-15,100164.75,1.5559086307714605,65.63030000000006
2021-10-16,100047.94,2.8946272366584616,69.79553600000001
2021-10-17,99437.94,4.2325850743426034,63.681764000000086
2021-10-18,99808.69,4.156110077332645,54.474548000000006
2021-10-19,100216.875,4.848315428988745,49.98005600000001
2021-10-20,100208.19,4.13507340858527,59.32796000000004
2021-10-21,100464.94,2.735315449271802,65.007806
2021-10-22,99985.44,3.449396691814838,64.33149200000005
2021-10-23,100180.94,2.5795009986232316,59.664056
2021-10-24,100326.94,1.7116765347516598,55.097474
2021-10-25,100946.94,1.6559794368877048,55.07594600000002
2021-10-26,99762.0,2.815318837541363,64.45245200000008
2021-10-27,98559.06,3.9306310973026775,58.58245400000002
2021-10-28,99896.75,3.5831614956732776,55.579640000000026
2021-10-29,100326.56,2.4269044767572083,52.79000000000002
2021-10-30,99507.5,7.2279319904482255,52.29950000000006
2021-10-31,99162.56,1.3734006346494312,57.387919999999994
2021-11-01,99516.0,3.923696803678002,58.105976000000055
2021-11-02,100903.25,1.9750077675708948,49.60850000000005
2021-11-03,100979.56,2.7391842640375255,48.091064
2021-11-04,101371.75,2.6641552463671574,44.06108000000002
2021-11-05,101361.375,1.2722021945812625,43.03536800000002
2021-11-06,101727.25,0.4888193982647288,45.62792600000004
2021-11-07,101470.5,1.9446205403486871,44.47259600000008
2021-11-08,100771.625,2.235772281761714,46.091984000000046
2021-11-09,100881.19,1.2698150152589984,52.42055000000006
2021-11-10,100578.25,2.0876666243352675,57.28334000000005
2021-11-11,101092.25,3.0522130700411103,52.20521600000001
2021-11-12,101178.44,4.152547955873401,55.596704000000024
2021-11-13,100267.81,3.2946249474048317,53.40799400000009
2021-11-14,99701.19,5.223914659018128,41.99705600000001
2021-11-15,99844.69,3.393149920067836,45.35920400000002
2021-11-16,100139.125,4.333785440534847,43.26170000000003
2021-11-17,101044.5,2.6776450172789614,41.41817600000003
2021-11-18,101021.75,2.636460719963537,51.684259999999995
2021-11-19,100097.31,4.177874939484775,62.01500000000002
2021-11-20,101670.25,4.176705709711764,41.72381600000004
2021-11-21,101919.125,2.230953174621139,41.62164800000005
2021-11-22,100763.69,2.9319245760351564,50.48103200000003
2021-11-23,100095.56,5.37069483944359,39.562808000000054
2021-11-24,100776.875,4.6737393202222925,34.921310000000005
2021-11-25,101388.44,2.438682132018761,38.70212000000005
2021-11-26,100031.56,2.85562760518936,47.68874600000005
2021-11-27,99315.19,6.238100327997638,38.29190000000009
2021-11-28,100165.875,3.6046986613218377,33.86683400000008
2021-11-29,99893.875,1.3996115231423685,36.69998000000004
2021-11-30,100291.19,3.7461574022287594,34.946600000000004
2021-12-01,100211.69,2.0903440342168036,36.67429400000002
2021-12-02,100892.19,1.1237820039830724,40.49906
2021-12-03,98988.06,5.110358602534732,53.52699200000005
2021-12-04,100609.69,3.025269251663502,39.124219999999994
2021-12-05,100754.5,2.962967225433979,39.337160000000054
2021-12-06,101491.19,2.5587810003366935,41.553320000000056
2021-12-07,99138.125,5.543572415209412,58.04137400000006
2021-12-08,101020.69,0.9411005120912542,35.902832000000046
2021-12-09,100030.75,1.464273733487424,36.88631600000004
2021-12-10,101263.44,1.0552347594274794,34.75742000000001
2021-12-11,100906.44,1.926444850511849,39.77114000000008
2021-12-12,98926.875,6.975990857500979,62.11587200000001
2021-12-13,101095.75,3.5491648622705623,40.243748
2021-12-14,101121.5,4.461385088710605,46.22327600000008
2021-12-15,102383.56,1.965563201439221,40.38810800000008
2021-12-16,101795.56,2.551099214974645,48.18137000000007
2021-12-17,100198.31,4.291851684251133,55.74479000000001
2021-12-18,100938.5,3.0608094683117275,47.92483400000009
2021-12-19,100094.44,1.386797144314912,41.65196000000005
2021-12-20,101096.81,4.066946183693777,31.78515200000005
2021-12-21,101214.06,3.2257927262218833,32.08112600000002
2021-12-22,100237.375,1.9727936562492412,35.614994
2021-12-23,99730.56,5.761532825884644,35.07206000000002
2021-12-24,101046.94,1.1634287107982535,31.218692000000022
2021-12-25,100422.0,1.8088915687631095,32.26744400000007
2021-12-26,98802.25,2.5934320013798793,44.404484000000046
2021-12-27,100461.19,3.6584130072721672,41.65592000000008
2021-12-28,100242.06,1.9665304534506096,34.34167400000009
2021-12-29,99986.81,1.0615793771385855,43.051747999999996
2021-12-30,100332.0,0.9397002248192166,42.024415999999995
2021-12-31,100190.56,1.5163110158138038,45.60425600000004
2022-01-01,100246.06,1.7398512462734286,48.87636800000003
2022-01-02,99447.75,1.5057009075848116,51.60326000000007
2022-01-03,99963.06,5.245633479121707,41.57682800000005
2022-01-04,100896.625,5.106633102450792,26.288024000000018
2022-01-05,101564.06,2.766245622237417,29.69664800000005
2022-01-06,99531.94,2.7866158646136663,38.54701400000008
2022-01-07,100285.94,1.582445212587637,32.51264000000003
2022-01-08,100578.06,4.864629502274182,26.320766000000027
2022-01-09,102363.31,2.8928368322857323,20.94386000000004
2022-01-10,100348.06,4.4147783201488995,36.660020000000046
2022-01-11,100838.19,2.6972998148842184,25.486034000000075
2022-01-12,102176.625,1.1592814624137875,15.653048000000013
2022-01-13,100718.25,2.358078358258525,31.76713400000001
2022-01-14,100121.94,1.4023690130396271,36.062563999999995
2022-01-15,99943.81,6.299339479090312,31.227152000000046
2022-01-16,101616.625,3.506542893999001,15.386954000000014
2022-01-17,100695.19,3.9478000616677194,27.928292000000067
2022-01-18,97876.06,4.931353416825595,35.68622000000005
2022-01-19,100746.94,3.096562313266116,30.35384600000008
2022-01-20,100306.5,3.926568982268331,41.85140000000003
2022-01-21,101378.75,4.288641521160202,26.657168000000034
2022-01-22,102267.5,3.233537484132649,18.299660000000053
2022-01-23,100973.69,1.6791600424659583,23.44213400000001
2022-01-24,99723.0,1.3571978543395675,31.10003600000001
2022-01-25,99988.125,2.407432158289699,29.790248000000087
2022-01-26,100652.5,2.947605469471208,32.07585200000003
2022-01-27,101783.19,1.8395603361128792,21.424820000000047
2022-01-28,101289.25,2.4588563810793658,26.59609400000004
2022-01-29,100535.31,2.3804883926404368,29.763554000000056
2022-01-30,99240.875,7.258023940268642,17.79472400000001
2022-01-31,100671.375,2.6872457003944885,15.024632000000064
2022-02-01,101785.31,1.836071447523377,25.519208000000013
2022-02-02,102172.06,1.943084635350509,30.586550000000067
2022-02-03,101599.5,1.5863345823922077,39.73262000000003
2022-02-04,100796.625,1.4718624155949669,41.83127600000008
2022-02-05,100322.375,4.0919170117410815,28.739840000000026
2022-02-06,101969.5,4.210731610449567,21.864505999999995
2022-02-07,102097.125,1.959281286099094,26.216600000000064
2022-02-08,100802.625,2.5140533412648347,35.92711400000003
2022-02-09,100400.69,3.3158110654910455,34.29896000000009
2022-02-10,100319.375,3.17739901399444,36.90719600000002
2022-02-11,100097.94,3.571004244261592,42.42941600000004
2022-02-12,100099.31,4.709897332789563,46.42343600000007
2022-02-13,100624.875,3.31232655156304,45.82328000000009
2022-02-14,100567.625,2.664054305583007,28.397083999999996
2022-02-15,101385.5,2.756734340563098,20.759485999999992
2022-02-16,102692.0,1.8644903149596943,25.200500000000044
2022-02-17,101890.375,3.8145883536854863,40.668476000000055
2022-02-18,99897.0,5.89087294789257,55.07726000000008
2022-02-19,100479.5,4.054251992210534,31.176860000000044
2022-02-20,100725.19,7.128961338435838,27.201740000000076
2022-02-21,101496.625,4.3179750950421765,32.89856000000005
2022-02-22,101531.75,2.5159597827000435,43.20928400000007
2022-02-23,100394.5,8.115228909651348,53.094668000000034
2022-02-24,100841.5,6.420076120799208,44.97026000000007
2022-02-25,101918.69,1.8832166943295985,31.266050000000064
2022-02-26,101062.75,5.479759447519458,31.52652800000002
2022-02-27,101390.69,1.837701954771091,32.14921999999999
2022-02-28,99987.06,3.919049558973035,41.26438400000002
2022-03-01,101424.81,1.1820265697032704,31.18002800000003
2022-03-02,100289.5,1.7993122468095109,41.586169999999996
2022-03-03,100304.31,1.8187261544115827,41.62780400000006
2022-03-04,101301.25,5.000209530314509,31.050500000000046
2022-03-05,101815.5,2.0360084858916725,33.85486400000002
2022-03-06,101739.375,3.0827156330940064,39.460316000000056
2022-03-07,100098.94,5.690144946330239,61.86176600000003
2022-03-08,98796.06,6.177084818555141,61.50799400000009
2022-03-09,100961.06,1.767196024918687,38.56976600000004
2022-03-10,100245.94,3.07270553006829,34.37204000000006
2022-03-11,100835.875,1.6531752088132523,41.758646
2022-03-12,100180.125,3.373522703037092,43.712780000000066
2022-03-13,98774.5,7.167131914852363,24.762020000000017
2022-03-14,101179.31,3.64807029862394,30.89021000000007
2022-03-15,101498.19,3.014416127268731,47.73776
2022-03-16,100765.19,2.376022338463585,55.29567200000004
2022-03-17,101051.44,3.3546038167083156,50.66999600000005
2022-03-18,100150.31,2.1258919423166667,52.58600600000009
2022-03-19,100452.0,3.380833225147832,57.85592000000008
2022-03-20,99307.56,1.9923254562834087,59.69591600000009
2022-03-21,99846.44,6.163958185876143,49.40258000000007
2022-03-22,100559.69,3.358458600258317,55.212170000000086
2022-03-23,100952.0,2.5062704687517505,50.24843600000007
2022-03-24,101069.5,3.808505439392525,41.701514000000074
2022-03-25,99768.94,2.314731283282489,44.145500000000006
2022-03-26,98957.5,3.373185592503594,50.015300000000046
2022-03-27,98620.44,2.6723786370688343,43.84979600000007
2022-03-28,99475.69,5.0793364449482965,35.67475400000004
2022-03-29,100345.625,6.851818578677204,24.77894000000007
2022-03-30,100861.0,3.8484811885123578,34.94966000000005
2022-03-31,100573.125,3.3323235705583407,41.302832000000045
2022-04-01,98782.5,7.174991431490713,60.49176800000008
2022-04-02,99691.875,5.231116069153169,44.29880600000001
2022-04-03,100360.94,2.1967126635470966,47.156126000000015
2022-04-04,99720.81,3.5261434510858716,43.66115600000005
2022-04-05,100324.94,2.4821240304177703,49.19167400000009
2022-04-06,100408.875,2.560191404188806,48.76375999999999
2022-04-07,100080.375,1.6795424824988618,49.75988000000001
2022-04-08,99044.5,7.258083902946237,49.61343200000008
2022-04-09,99300.44,2.1848392353921557,53.781313999999995
2022-04-10,99231.5,1.628992212371198,49.08509600000008
2022-04-11,99987.94,5.06887970325754,45.60682999999999
2022-04-12,100551.31,3.097618550546982,53.762414000000035
2022-04-13,100600.375,2.239369368991474,62.47963400000001
2022-04-14,99980.75,2.0224555360841063,64.11857000000005
2022-04-15,99915.56,4.169684091943298,61.02374000000001
2022-04-16,100518.44,5.146336145693681,59.92487600000002
2022-04-17,99894.75,5.543859134922269,51.52406
2022-04-18,101278.81,3.2616169061127365,45.187376000000015
2022-04-19,100792.31,4.36783759100891,44.09510000000007
2022-04-20,100086.25,5.727007551134096,44.90456000000008
2022-04-21,101815.25,1.372829953693511,52.56680000000008
2022-04-22,101517.69,3.319234166113504,54.066739999999996
2022-04-23,101632.81,2.4120037111370785,59.96597000000001
2022-04-24,101251.06,2.735719569824221,56.27368400000004
2022-04-25,101203.69,3.3026794612162043,51.49868000000002
2022-04-26,101151.06,2.7419423225519184,53.63893400000003
2022-04-27,100327.19,1.112267602697885,55.851134
2022-04-28,100349.69,5.511261067691292,46.03200800000004
2022-04-29,100441.25,4.849985831638377,49.994780000000084
2022-04-30,100560.625,3.263135408358691,56.007500000000064
2022-05-01,100668.375,2.237881652458997,58.187480000000036
2022-05-02,100584.125,3.1089941262538097,57.80210000000009
2022-05-03,100629.56,2.5240346580147905,52.57248800000004
2022-05-04,100826.125,3.3605049983646875,54.654728
2022-05-05,100249.375,1.12416107381078,59.37576800000007
2022-05-06,100534.44,1.7921650716945274,62.92085000000009
2022-05-07,99960.81,1.7832271976768692,51.879524000000075
2022-05-08,100300.875,5.5332099334437235,46.93578800000002
2022-05-09,100915.25,3.0179561990368464,56.143940000000086
2022-05-10,101359.375,3.750154846665408,62.80219400000008
2022-05-11,101520.75,2.9227983037508385,64.10692400000008
2022-05-12,101200.375,1.0501989039067945,69.23557400000006
2022-05-13,101382.5,1.8241535487882812,67.83944
2022-05-14,101028.5,1.7977079067509996,65.21655200000001
2022-05-15,100333.56,2.171248986463519,64.89950000000006
2022-05-16,99775.125,1.3687134130878575,68.35928000000006
2022-05-17,99070.69,2.756582789616421,65.80727600000007
2022-05-18,99787.375,4.457956197047454,67.15234400000004
2022-05-19,100020.94,2.3888533215801377,64.606154
2022-05-20,99571.06,0.9960362626224064,64.03946000000005
2022-05-21,100225.44,2.6021548611626653,63.70637000000007
2022-05-22,100362.69,2.743548217877728,82.06100600000009
2022-05-23,100289.625,2.3769968414073963,76.44390800000009
2022-05-24,101083.56,2.452329693102263,66.09984800000004
2022-05-25,101425.125,2.4636142208464458,62.559176000000036
2022-05-26,101617.875,3.4647539192078116,61.12160600000002
2022-05-27,100904.31,3.3176061838271043,65.21478800000007
2022-05-28,99784.5,4.423279200804101,68.86292
2022-05-29,99842.69,2.7200560156879123,70.11975199999999
2022-05-30,100650.56,2.711428899731252,72.39304400000002
2022-05-31,100514.94,2.556573234090728,79.43791999999999
2022-06-01,100093.69,1.8195398112382264,84.61070600000006
2022-06-02,100069.625,1.8118487488578208,62.23265600000004
2022-06-03,99510.19,1.342235204502104,69.08813600000006
2022-06-04,99744.69,1.786978365733214,73.22536400000003
2022-06-05,99940.94,1.0405665863643156,73.30051400000009
2022-06-06,100364.19,2.498509104400218,71.34341000000005
2022-06-07,100510.31,3.8149144826336174,73.02277400000003
2022-06-08,100264.5,5.50533901482619,69.75446000000008
2022-06-09,99933.06,1.108965654008838,75.492068
2022-06-10,99508.125,3.4867422615214907,71.82779000000002
2022-06-11,99961.81,1.503388525612398,72.75097400000001
2022-06-12,100170.0,1.9540820945641204,70.917134
2022-06-13,100188.625,2.3294914102948825,69.80522000000002
2022-06-14,100055.125,1.3407024490150714,79.89472400000001
2022-06-15,100122.375,1.7459502605541544,78.646244
2022-06-16,100916.125,3.400899387131828,70.29014000000005
2022-06-17,100447.375,3.874762950234862,69.42716600000008
2022-06-18,99234.5,3.0623141858145533,79.91735000000008
2022-06-19,99913.19,6.064463518467527,61.360231999999996
2022-06-20,100384.0,3.6242813988745657,68.26172
2022-06-21,100761.06,1.6682240654747462,74.17742000000007
2022-06-22,100807.44,1.396865914971888,69.90485000000008
2022-06-23,100507.94,3.470712586335875,62.45915000000006
2022-06-24,100386.25,0.9451891262184068,68.85302000000003
2022-06-25,100509.94,2.355156248205818,77.35182800000004
2022-06-26,100728.875,1.709212917052273,82.69646000000007
2022-06-27,100474.31,4.005400954378286,80.62838600000006
2022-06-28,100342.0,1.6894107329478554,72.57938000000003
2022-06-29,100994.44,0.9578317360998696,74.47253000000008
2022-06-30,100948.06,2.5394884546678687,76.13474000000008
2022-07-01,100851.06,1.9695243594268956,80.74724000000008
2022-07-02,100243.19,5.530598332009575,83.68939400000005
2022-07-03,100109.125,1.7040397286926212,81.63363200000006
2022-07-04,100580.0,3.259678463363287,81.71999600000005
2022-07-05,100828.875,1.7210910551469358,81.92696000000005
2022-07-06,100008.81,4.69918862575647,74.42736800000002
2022-07-07,100103.94,1.140417560716016,80.43382400000004
2022-07-08,100410.0,2.7930862589628793,75.19181
2022-07-09,100337.06,1.3552415783126492,78.53504000000001
2022-07-10,100530.56,0.8080707526947875,78.21008600000005
2022-07-11,100486.125,3.132628567891907,76.08380000000008
2022-07-12,99925.375,3.915191161944132,78.30676400000009
2022-07-13,99453.625,2.891147728853169,78.891224
2022-07-14,100020.69,1.9346319289925151,82.51188800000001
2022-07-15,100437.75,2.708298151630387,83.615576
2022-07-16,100847.19,2.882917718387692,78.60603200000003
2022-07-17,100548.25,2.363214511376248,76.65682999999999
2022-07-18,100441.625,2.3268681921434995,79.83440600000004
2022-07-19,99657.69,4.549409168101023,77.04442400000008
2022-07-20,99594.25,2.5458439333117124,86.2169000000001
2022-07-21,99463.56,3.030254101797067,88.32365600000006
2022-07-22,99373.5,2.8491159399742316,88.91954600000005
2022-07-23,100159.69,1.608611886850556,85.35986600000007
2022-07-24,100400.0,1.761438874732596,85.753076
2022-07-25,100204.69,4.743679644352105,87.475064
2022-07-26,99965.5,2.4521945339263485,83.17382000000006
2022-07-27,100288.94,1.595178022326631,78.70523000000006
2022-07-28,100041.94,2.3369198001909286,79.18412000000006
2022-07-29,99723.125,2.187588077379107,80.35152800000002
2022-07-30,100147.75,1.92483375401758,79.445984
2022-07-31,100739.625,2.317107375966433,81.46565600000005
2022-08-01,100743.44,2.2003586329140004,78.549548
2022-08-02,100015.31,1.9623074080922516,75.37244
2022-08-03,99833.375,1.89855544438951,85.15166000000002
2022-08-04,100322.0,2.7156706787462284,81.422474
2022-08-05,100557.94,0.4780581267831705,84.34921999999999
2022-08-06,100908.31,2.2317210213104883,82.33952000000004
2022-08-07,100954.375,2.2280452555402275,84.94754
2022-08-08,100674.06,3.5997538295339724,84.03974600000004
2022-08-09,100103.19,3.684718443377823,86.03258000000001
2022-08-10,100183.94,1.3055030991565666,84.85844000000006
2022-08-11,100383.81,1.9379940949851329,79.72883600000004
2022-08-12,99969.625,0.8518262872577264,83.21874799999999
2022-08-13,100474.75,2.5535074114610223,77.32227200000008
2022-08-14,100657.125,1.8112799527619712,73.32710000000009
2022-08-15,100486.19,3.2745734162465574,74.71967000000004
2022-08-16,100385.25,1.9166505225703867,74.22895400000002
2022-08-17,100399.25,1.474762487402368,75.75485000000008
2022-08-18,100292.0,2.2348132544343504,72.79304
2022-08-19,100163.44,1.4827237192310374,78.01340000000008
2022-08-20,100658.06,3.421912149790501,80.97490400000001
2022-08-21,100874.125,3.311762637155877,79.03076000000009
2022-08-22,100578.875,2.756654077353038,74.8832540000001
2022-08-23,99932.94,1.0014510291507526,73.42959200000008
2022-08-24,99887.25,2.911077491293913,76.20440000000009
2022-08-25,100322.94,1.3905543596935153,80.619044
2022-08-26,100469.0,3.5281622284597236,80.79692000000009
2022-08-27,100096.69,1.789612321571052,78.93464000000007
2022-08-28,100536.94,1.7098163535620132,78.54593000000003
2022-08-29,100865.25,2.8337005829098176,74.94362600000002
2022-08-30,100519.94,4.317863268762063,78.32102
2022-08-31,99641.25,2.8976401670178147,78.53219600000003
2022-09-01,99872.31,1.7711338840468531,74.84925199999999
2022-09-02,100411.06,3.3908580454151265,74.62270400000001
2022-09-03,101323.69,2.8128811298384955,69.65771000000001
2022-09-04,101026.0,3.3182367387524896,73.36652000000001
2022-09-05,100680.125,1.127242779361327,74.23718000000001
2022-09-06,100608.56,1.9189229764350468,75.28650800000004
2022-09-07,100508.06,4.210494237755332,67.94610800000008
2022-09-08,100326.06,2.109540620724998,67.46082800000003
2022-09-09,100115.69,1.2423952696388538,70.10502800000003
2022-09-10,100799.56,1.686097249269048,69.60097400000001
2022-09-11,101116.5,2.2738836469370107,73.18569200000002
2022-09-12,100561.625,2.2565906936356503,66.86844800000007
2022-09-13,99766.31,1.2245363446596838,75.054146
2022-09-14,99661.94,3.476413403751609,73.25258000000007
2022-09-15,100346.06,2.1086555821918234,71.67727400000003
2022-09-16,100990.81,2.183278009544112,64.75555400000005
2022-09-17,100961.56,0.7088343205699601,67.10531
2022-09-18,101102.875,3.0876965272286716,67.07411600000007
2022-09-19,100368.625,2.912135895354257,75.88065200000005
2022-09-20,99973.375,3.039459107119069,70.73146400000006
2022-09-21,100156.44,3.019185181258046,70.95362000000009
2022-09-22,99883.19,3.1754971862202437,70.69213400000001
2022-09-23,99335.875,5.682282354102891,62.20562000000005
2022-09-24,100340.375,5.415384300389609,53.841739999999994
2022-09-25,100055.125,1.7755919220250118,60.544940000000075
2022-09-26,99210.75,3.0593347777555335,64.06694600000003
2022-09-27,99554.125,2.6276913655614655,64.08363200000005
2022-09-28,100179.875,1.5092241643863968,59.79524
2022-09-29,101072.06,2.4265708774587775,63.19099400000009
2022-09-30,101556.69,2.9405446355248017,56.76476000000008
2022-10-01,101110.31,1.337805510117552,56.69686400000002
2022-10-02,100378.25,4.548176834490313,59.14364000000006
2022-10-03,101075.5,4.865188559024403,53.74508000000001
2022-10-04,101075.31,4.492536935101476,48.635329999999996
2022-10-05,100266.75,5.658791542242299,53.47612400000007
2022-10-06,100176.0,3.6023949467744107,57.06721400000006
2022-10-07,100300.75,1.7817075705158378,62.75813000000001
2022-10-08,100401.0,3.42797072237868,64.16416400000004
2022-10-09,100920.25,2.4059921371442363,49.54082000000005
2022-10-10,100856.94,2.296377677910045,54.71009600000008
2022-10-11,101080.31,1.9166762818733896,57.188624000000075
2022-10-12,101307.44,2.723173279938315,58.93250000000006
2022-10-13,100775.0,3.564320775043044,61.07086400000003
2022-10-14,99661.44,4.5913357343837635,65.14062800000006
2022-10-15,100363.5,0.5396742693398339,56.67533600000004
2022-10-16,100317.375,3.5245983053286087,59.341064
2022-10-17,100044.31,1.9650736274828433,56.35454000000002
2022-10-18,99147.625,1.1550578831787497,57.225308000000055
2022-10-19,99443.81,3.2712637438429466,48.75440000000009
2022-10-20,100005.69,2.509487614682822,47.19218000000005
2022-10-21,100345.125,2.8681775146141466,50.50628600000001
2022-10-22,100888.69,2.787011361215133,52.126124000000075
2022-10-23,101366.25,2.2101724839369616,54.61694600000003
2022-10-24,101210.375,4.255421550211298,56.30954000000006
2022-10-25,100906.56,3.03954184096728,59.46454400000001
2022-10-26,100525.875,2.2217798552538213,66.39681200000005
2022-10-27,99635.375,3.2947415273778686,65.30009000000008
2022-10-28,101388.94,4.197210485503539,55.055408
2022-10-29,102093.625,1.5904914117046498,48.05063600000007
2022-10-30,101725.69,0.3694609533716375,49.33009400000003
2022-10-31,100926.75,1.9501897677463331,50.36237600000002
2022-11-01,100471.56,2.6178837531947208,60.692216000000066
2022-11-02,100604.375,2.5091570163781403,59.94145400000001
2022-11-03,101504.81,0.6697422561228752,55.60910600000002
2022-11-04,101637.0,2.2334465253853475,55.43411000000003
2022-11-05,101436.56,2.95753652860585,62.20837400000006
2022-11-06,101081.19,4.611656880892871,67.355474
2022-11-07,100970.5,3.793549648016487,68.00918000000004
2022-11-08,101234.19,4.198018622440472,64.98451400000008
2022-11-09,102386.375,3.714688211048622,48.87438800000001
2022-11-10,102240.125,2.266336393093604,46.46048000000006
2022-11-11,101285.56,2.838504310195574,56.65040600000005
2022-11-12,99539.69,5.156461538460517,66.49160000000006
2022-11-13,99569.19,1.6068139645704758,61.07295200000008
2022-11-14,100464.125,5.130005883879185,45.341834000000084
2022-11-15,101687.69,2.957653330385683,38.439572
2022-11-16,101437.19,3.4406112161883446,40.756370000000075
2022-11-17,100156.125,3.9353301167838066,45.22712000000005
2022-11-18,100449.625,3.5188133276059133,40.16134400000003
2022-11-19,100704.19,4.442087651551343,38.15810600000003
2022-11-20,100747.06,1.9933441810032704,34.238174000000086
2022-11-21,101295.125,4.034934347769036,31.22816000000006
2022-11-22,101255.06,5.443686828278868,37.49167400000009
2022-11-23,101198.19,2.6452000907943143,41.81612000000008
2022-11-24,101363.5,2.143816525145621,43.39309999999999
2022-11-25,101286.31,2.604295509295716,43.47787999999999
2022-11-26,99922.44,5.055621977454205,46.78181600000005
2022-11-27,100398.125,3.993434923056517,47.44364000000006
2022-11-28,98414.56,3.6769026625694416,52.759814000000006
2022-11-29,100258.31,4.120065993267049,43.727954000000025
2022-11-30,101360.31,1.6296830796880633,36.896864000000015
2022-12-01,99551.81,5.598694676061773,51.28082599999999
2022-12-02,101764.94,3.612082902941893,37.45826600000002
2022-12-03,101990.75,2.623745998882198,39.68893400000003
2022-12-04,100441.75,4.822774015576931,53.38493600000008
2022-12-05,101016.125,1.4082744492478054,35.64158
2022-12-06,101405.19,2.2095323932723434,38.51954600000006
2022-12-07,101338.0,4.077928076873345,53.52126800000008
2022-12-08,100704.81,2.8912062533748712,55.080680000000044
2022-12-09,101195.5,3.0253877548882886,44.77791199999999
2022-12-10,101342.81,4.09891910410225,36.844340000000024
2022-12-11,101665.0,2.2405056441508364,36.08213000000002
2022-12-12,100749.875,2.450159598772896,33.39991400000004
2022-12-13,101211.375,3.329925868476297,31.673966000000007
2022-12-14,101125.69,3.0418771854848945,34.13975000000005
2022-12-15,100990.375,4.285005675764407,34.231586000000036
2022-12-16,100585.75,5.230974839573787,39.05612600000002
2022-12-17,99196.94,3.9111766911458985,37.728752000000085
2022-12-18,99752.81,3.6643092699216657,39.26024600000004
2022-12-19,100452.81,3.0429926132487424,34.808360000000015
2022-12-20,101252.69,4.273936829995297,33.527587999999994
2022-12-21,101809.5,2.29344284782032,33.11119400000007
2022-12-22,101991.5,1.9819667399859264,31.520606000000033
2022-12-23,100681.44,5.854251143985096,41.38631600000004
2022-12-24,98373.44,8.988538651612895,16.459664000000043
2022-12-25,99890.31,5.191914684883409,13.922060000000023
2022-12-26,100297.44,3.871033323053703,23.01476000000008
2022-12-27,101178.75,2.5751360948645647,27.68615600000005
2022-12-28,101408.44,1.8266538404016892,30.60014000000003
2022-12-29,101384.125,3.319313573840694,38.45231600000005
2022-12-30,101310.5,2.9142675196134777,40.265960000000085
2022-12-31,101184.75,3.051429805185038,44.308904
